-1.75,-3.0000000000000004,6.548000000000003,6.548,6.548,6.548
-0.75,-3.000000000000001,6.548000000000003,6.548,6.548000000000003,6.548
0.25,-3.0000000000000013,6.548000000000003,6.548,6.548000000000003,6.548
1.25,-3.0000000000000027,6.547999999999989,6.548,6.548000000000003,6.548
2.25,-3.0000000000000036,6.547999999999989,6.548,6.547999999999989,6.548
3.25,-3.0000000000000053,6.547999999999989,6.548,6.547999999999989,6.548
4.25,-3.0000000000000067,6.547999999999989,6.548,6.547999999999989,6.548
5.25,-3.000000000000009,6.547999999999989,6.548,6.547999999999989,6.548
6.25,-3.000000000000011,6.547999999999989,6.548,6.547999999999989,6.548
7.25,-3.0000000000000133,6.547999999999989,6.548,6.547999999999989,6.548
8.25,-3.000000000000016,6.547999999999989,6.548,6.547999999999989,6.548
9.25,-3.000000000000019,6.547999999999989,6.548,6.547999999999989,6.548
10.25,-3.000000000000022,6.547999999999989,6.548,6.547999999999989,6.548
11.25,-3.0000000000000258,6.547999999999989,6.548,6.547999999999989,6.548
12.25,-3.0000000000000293,6.547999999999989,6.548,6.547999999999989,6.548
13.25,-3.0000000000000333,6.548000000000044,6.548,6.547999999999989,6.548
14.25,-3.0000000000000373,6.548000000000044,6.548,6.548000000000044,6.548
15.25,-3.0000000000000417,6.548000000000044,6.548,6.548000000000044,6.548
16.25,-3.0000000000000466,6.548000000000044,6.548,6.548000000000044,6.548
17.25,-3.0000000000000515,6.548000000000044,6.548,6.548000000000044,6.548
18.25,-3.0000000000000564,6.548000000000044,6.548,6.548000000000044,6.548
19.25,-3.000000000000062,6.548000000000044,6.548,6.548000000000044,6.548
20.25,-3.0000000000000675,6.548000000000044,6.548,6.548000000000044,6.548
21.25,-3.0000000000000733,6.548000000000044,6.548,6.548000000000044,6.548
22.25,-3.0000000000000795,6.548000000000044,6.548,6.548000000000044,6.548
22.25,-3.0000000000000795,6.548000000000018,6.548,6.548000000000018,6.548
22.25,-3.0000000000000795,6.5479999999999645,6.548000000000002,6.5479999999999645,6.548000000000002
22.25,-3.0000000000000795,6.548000000000032,6.548,6.548000000000032,6.548
22.25,-3.0000000000000795,6.5479999999999805,6.547999999999998,6.5479999999999805,6.547999999999998
22.25,-3.0000000000000795,6.547999999999965,6.547999999999996,6.547999999999965,6.547999999999996
22.25,-3.0000000000000795,6.547999999999974,6.547999999999998,6.547999999999974,6.547999999999998
22.25,-3.0000000000000795,6.547999999999972,6.547999999999995,6.547999999999972,6.547999999999995
22.25,-3.0000000000000795,6.547999999999999,6.547999999999997,6.547999999999999,6.547999999999997
22.25,-3.0000000000000795,6.547999999999966,6.548,6.547999999999966,6.548
22.25,-3.0000000000000795,6.548000000000052,6.547999999999991,6.548000000000052,6.547999999999991
22.25,-3.0000000000000795,6.548000000000016,6.547999999999991,6.548000000000016,6.547999999999991
22.25,-3.0000000000000795,6.547999999999973,6.548000000000002,6.547999999999973,6.548000000000002
22.25,-3.0000000000000795,6.547999999999947,6.547999999999989,6.547999999999947,6.547999999999989
22.25,-3.0000000000000795,6.5480000000000445,6.547999999999996,6.5480000000000445,6.547999999999996
22.25,-3.0000000000000795,6.548000000000028,6.547999999999989,6.548000000000028,6.547999999999989
22.25,-3.0000000000000795,6.547999999999951,6.547999999999988,6.547999999999951,6.547999999999988
22.25,-3.0000000000000795,6.5480000000000445,6.547999999999986,6.548000000000044,6.547999999999986
22.25,-3.0000000000000795,6.548000000000032,6.547999999999991,6.548000000000032,6.547999999999991
22.25,-3.0000000000000795,6.547999999999988,6.548000000000011,6.547999999999988,6.548000000000011
22.25,-3.0000000000000795,6.548000000000002,6.5479999999999805,6.548000000000002,6.5479999999999805
22.25,-3.0000000000000795,6.548000000000048,6.548000000000014,6.548000000000048,6.548000000000014
22.25,-3.0000000000000795,6.547999999999961,6.548000000000003,6.547999999999961,6.548000000000003
22.25,-3.0000000000000795,6.547999999999973,6.547999999999983,6.547999999999973,6.547999999999983
22.25,-3.0000000000000795,6.5480000000000205,6.548000000000005,6.5480000000000205,6.548000000000005
22.25,-3.0000000000000795,6.548000000000013,6.548000000000005,6.548000000000013,6.548000000000005
22.25,-3.0000000000000795,6.548000000000041,6.548000000000016,6.548000000000041,6.548000000000016
22.25,-3.0000000000000795,6.547999999999952,6.547999999999973,6.547999999999952,6.547999999999973
22.25,-3.0000000000000795,6.5480000000000205,6.547999999999994,6.5480000000000205,6.547999999999994
22.25,-3.0000000000000795,6.547999999999963,6.548000000000016,6.547999999999963,6.548000000000016
23.124619707139402,-2.5151903797537543,6.547999999999963,6.548000000000014,6.547999999999963,6.548000000000014
23.999239414278804,-2.0303807595074286,6.547999999999961,6.548000000000016,6.547999999999961,6.548000000000016
24.873859121418207,-1.5455711392611038,6.547999999999961,6.548000000000016,6.547999999999961,6.548000000000016
25.74847882855761,-1.060761519014779,6.547999999999961,6.548000000000016,6.547999999999961,6.548000000000016
26.62309853569701,-0.5759518987684542,6.547999999999961,6.548000000000016,6.547999999999961,6.548000000000016
27.497718242836413,-0.09114227852212986,6.547999999999961,6.548000000000016,6.547999999999961,6.548000000000016
27.497718242836413,-0.09114227852212986,6.547999999999972,6.547999999999968,6.5479999999999645,6.547999999999968
28.363743646620858,0.40885772147785726,6.5479999999999645,6.547999999999968,6.5479999999999645,6.547999999999968
28.363743646620858,0.40885772147785726,6.547999999999953,6.547999999999972,6.547999999999953,6.547999999999972
29.220910947322977,0.9238957963878982,6.547999999999953,6.547999999999959,6.547999999999953,6.547999999999972
29.220910947322977,0.9238957963878982,6.547999999999925,6.548000000000028,6.548000000000018,6.547999999999959
30.06895904347941,1.45381506062109,6.547999999999918,6.547999999999959,6.547999999999918,6.547999999999959
30.06895904347941,1.45381506062109,6.54800000000006,6.547999999999963,6.54800000000006,6.547999999999963
30.907629611424838,1.998454095636104,6.54800000000006,6.547999999999963,6.54800000000006,6.547999999999963
30.907629611424838,1.998454095636104,6.548000000000082,6.5479999999999325,6.548000000000082,6.5479999999999325
31.736667183979883,2.5576469991068382,6.548000000000082,6.5479999999999325,6.548000000000082,6.5479999999999325
32.56570475653493,3.1168399025775724,6.548000000000082,6.5479999999999325,6.548000000000082,6.5479999999999325
33.39474232908997,3.6760328060483065,6.548000000000082,6.5479999999999325,6.548000000000082,6.5479999999999325
33.39474232908997,3.6760328060483065,6.54800000000006,6.547999999999947,6.54800000000006,6.547999999999947
33.39474232908997,3.6760328060483065,6.548000000000037,6.547999999999947,6.548000000000037,6.547999999999947
33.39474232908997,3.6760328060483065,6.54799999999994,6.547999999999988,6.54799999999994,6.547999999999988
33.39474232908997,3.6760328060483065,6.547999999999994,6.548000000000027,6.547999999999994,6.548000000000027
33.39474232908997,3.6760328060483065,6.547999999999963,6.5480000000000524,6.547999999999963,6.5480000000000524
33.39474232908997,3.6760328060483065,6.547999999999955,6.548000000000048,6.547999999999955,6.548000000000048
33.39474232908997,3.6760328060483065,6.548000000000025,6.548000000000021,6.548000000000025,6.548000000000021
33.39474232908997,3.6760328060483065,6.548000000000017,6.547999999999979,6.548000000000017,6.547999999999979
33.39474232908997,3.6760328060483065,6.548000000000077,6.548000000000036,6.548000000000077,6.548000000000036
33.39474232908997,3.6760328060483065,6.548000000000053,6.547999999999957,6.548000000000053,6.547999999999957
33.39474232908997,3.6760328060483065,6.548000000000052,6.547999999999936,6.548000000000052,6.547999999999936
33.39474232908997,3.6760328060483065,6.548000000000069,6.547999999999936,6.548000000000069,6.547999999999936
33.39474232908997,3.6760328060483065,6.547999999999996,6.547999999999956,6.547999999999996,6.547999999999956
33.39474232908997,3.6760328060483065,6.547999999999918,6.548000000000071,6.547999999999918,6.548000000000071
33.39474232908997,3.6760328060483065,6.54799999999998,6.54800000000008,6.54799999999998,6.54800000000008
33.39474232908997,3.6760328060483065,6.548000000000007,6.548000000000007,6.548000000000007,6.548000000000007
33.39474232908997,3.6760328060483065,6.548000000000011,6.548000000000014,6.548000000000011,6.548000000000014
33.39474232908997,3.6760328060483065,6.547999999999985,6.548000000000027,6.547999999999985,6.548000000000027
33.39474232908997,3.6760328060483065,6.547999999999945,6.547999999999972,6.547999999999945,6.547999999999972
33.39474232908997,3.6760328060483065,6.548000000000029,6.548000000000085,6.548000000000029,6.548000000000085
33.39474232908997,3.6760328060483065,6.548000000000027,6.54799999999993,6.548000000000027,6.54799999999993
33.39474232908997,3.6760328060483065,6.54800000000003,6.5479999999999325,6.54800000000003,6.5479999999999325
33.39474232908997,3.6760328060483065,6.548000000000036,6.547999999999923,6.548000000000036,6.547999999999923
33.39474232908997,3.6760328060483065,6.54800000000005,6.547999999999961,6.54800000000005,6.547999999999961
33.92466159332319,4.524080902204724,6.54800000000005,6.547999999999961,6.54800000000005,6.547999999999961
33.92466159332319,4.524080902204724,6.5480000000000365,6.547999999999995,6.5480000000000365,6.547999999999995
34.43969966823325,5.3812482029068285,6.5480000000000365,6.5479999999999805,6.5480000000000365,6.5479999999999805
34.95473774314332,6.238415503608932,6.5480000000000365,6.5479999999999805,6.5480000000000365,6.5479999999999805
35.469775818053385,7.095582804311036,6.5480000000000365,6.5479999999999805,6.5480000000000365,6.5479999999999805
35.98481389296345,7.9527501050131395,6.5480000000000365,6.5479999999999805,6.5480000000000365,6.5479999999999805
35.98481389296345,7.9527501050131395,6.5480000000000524,6.547999999999998,6.5480000000000524,6.547999999999998
36.484813892963466,8.81877550879757,6.5480000000000524,6.547999999999998,6.5480000000000524,6.547999999999998
36.484813892963466,8.81877550879757,6.5479999999999805,6.548000000000007,6.5479999999999805,6.548000000000007
36.96962351320982,9.693395215936958,6.5479999999999805,6.548000000000007,6.5479999999999805,6.548000000000007
37.45443313345617,10.568014923076346,6.5479999999999805,6.548000000000007,6.5479999999999805,6.548000000000007
37.45443313345617,10.568014923076346,6.54800000000002,6.5480000000000675,6.54800000000002,6.5480000000000675
37.923904696242076,11.450962515935265,6.54800000000002,6.5480000000000675,6.54800000000002,6.5480000000000675
38.39337625902798,12.333910108794184,6.54800000000002,6.5480000000000675,6.54800000000002,6.5480000000000675
38.86284782181389,13.216857701653105,6.547999999999972,6.5480000000000675,6.547999999999972,6.5480000000000675
38.86284782181389,13.216857701653105,6.548000000000027,6.547999999999977,6.548000000000027,6.547999999999977
39.31683832155345,14.107864225841464,6.548000000000027,6.547999999999977,6.548000000000027,6.547999999999977
39.31683832155345,14.107864225841464,6.547999999999963,6.5480000000000596,6.547999999999963,6.5480000000000596
39.75520946834254,15.006658272140623,6.547999999999963,6.5480000000000596,6.547999999999963,6.5480000000000596
40.19358061513164,15.905452318439782,6.547999999999963,6.5480000000000596,6.547999999999963,6.5480000000000596
40.19358061513164,15.905452318439782,6.548000000000021,6.547999999999969,6.548000000000021,6.547999999999969
40.61619887687235,16.811760105476424,6.548000000000021,6.547999999999969,6.548000000000021,6.547999999999969
40.61619887687235,16.811760105476424,6.5479999999999725,6.548000000000071,6.5479999999999725,6.548000000000071
41.02293551994817,17.72530556311902,6.5479999999999725,6.548000000000071,6.5479999999999725,6.548000000000071
41.02293551994817,17.72530556311902,6.548000000000042,6.547999999999901,6.548000000000042,6.547999999999901
41.02293551994817,17.72530556311902,6.5479999999999645,6.548000000000005,6.5479999999999645,6.548000000000005
41.02293551994817,17.72530556311902,6.548000000000002,6.547999999999963,6.548000000000002,6.547999999999963
41.02293551994817,17.72530556311902,6.548000000000057,6.547999999999918,6.548000000000057,6.547999999999918
41.02293551994817,17.72530556311902,6.547999999999999,6.547999999999896,6.547999999999999,6.547999999999896
41.02293551994817,17.72530556311902,6.547999999999988,6.548000000000057,6.547999999999988,6.548000000000057
41.02293551994817,17.72530556311902,6.547999999999989,6.547999999999957,6.547999999999989,6.547999999999957
41.02293551994817,17.72530556311902,6.547999999999968,6.547999999999968,6.547999999999968,6.547999999999968
41.02293551994817,17.72530556311902,6.548000000000074,6.548000000000046,6.548000000000074,6.548000000000046
41.02293551994817,17.72530556311902,6.547999999999961,6.547999999999961,6.547999999999961,6.547999999999961
41.02293551994817,17.72530556311902,6.547999999999961,6.547999999999961,6.547999999999961,6.547999999999961
41.02293551994817,17.72530556311902,6.547999999999975,6.548000000000103,6.547999999999975,6.548000000000103
41.02293551994817,17.72530556311902,6.548000000000028,6.548000000000028,6.548000000000028,6.548000000000028
41.02293551994817,17.72530556311902,6.547999999999974,6.547999999999956,6.547999999999974,6.547999999999956
41.02293551994817,17.72530556311902,6.5479999999999645,6.5479999999999805,6.5479999999999645,6.5479999999999805
41.02293551994817,17.72530556311902,6.548000000000027,6.548000000000011,6.548000000000027,6.548000000000011
41.02293551994817,17.72530556311902,6.547999999999992,6.548000000000086,6.547999999999992,6.548000000000086
41.144804863353336,18.71785171476034,6.547999999999992,6.548000000000086,6.547999999999992,6.548000000000086
41.2666742067585,19.71039786640166,6.547999999999992,6.548000000000086,6.547999999999992,6.548000000000086
41.38854355016367,20.70294401804298,6.547999999999992,6.548000000000086,6.547999999999992,6.548000000000086
41.510412893568834,21.6954901696843,6.547999999999992,6.548000000000086,6.547999999999992,6.548000000000086
41.63228223697401,22.688036321325622,6.547999999999992,6.548000000000086,6.547999999999992,6.548000000000086
41.75415158037918,23.680582472966943,6.547999999999992,6.548000000000086,6.547999999999992,6.548000000000086
41.87602092378435,24.673128624608264,6.547999999999992,6.548000000000086,6.547999999999992,6.548000000000086
41.997890267189526,25.665674776249585,6.547999999999992,6.548000000000086,6.547999999999992,6.548000000000086
42.1197596105947,26.658220927890905,6.547999999999992,6.548000000000086,6.547999999999992,6.548000000000086
42.24162895399987,27.650767079532226,6.547999999999992,6.548000000000086,6.547999999999992,6.548000000000086
42.363498297405044,28.643313231173547,6.547999999999992,6.548000000000086,6.547999999999992,6.548000000000086
42.48536764081022,29.63585938281487,6.5480000000000995,6.5480000000000995,6.5480000000000995,6.5480000000000995
42.60723698421539,30.628405534456192,6.5480000000000995,6.5480000000000995,6.5480000000000995,6.5480000000000995
42.72910632762056,31.620951686097513,6.5480000000000995,6.5480000000000995,6.5480000000000995,6.5480000000000995
42.850975671025736,32.613497837738834,6.5480000000000995,6.5480000000000995,6.5480000000000995,6.5480000000000995
42.97284501443091,33.606043989380154,6.5480000000000995,6.5480000000000995,6.5480000000000995,6.5480000000000995
43.09471435783608,34.598590141021475,6.5480000000000995,6.5480000000000995,6.5480000000000995,6.5480000000000995
43.216583701241255,35.591136292662796,6.5480000000000995,6.5480000000000995,6.5480000000000995,6.5480000000000995
43.33845304464643,36.58368244430412,6.5480000000000995,6.5480000000000995,6.5480000000000995,6.5480000000000995
43.4603223880516,37.57622859594544,6.5480000000000995,6.5480000000000995,6.5480000000000995,6.5480000000000995
43.582191731456774,38.56877474758676,6.5480000000000995,6.5480000000000995,6.5480000000000995,6.5480000000000995
43.70406107486195,39.56132089922808,6.5480000000000995,6.5480000000000995,6.5480000000000995,6.5480000000000995
43.82593041826712,40.5538670508694,6.5480000000000995,6.5480000000000995,6.5480000000000995,6.5480000000000995
43.94779976167229,41.54641320251072,6.5480000000000995,6.5480000000000995,6.5480000000000995,6.5480000000000995
43.94779976167229,41.54641320251072,6.547999999999996,6.547999999999996,6.547999999999996,6.547999999999996
43.94779976167229,41.54641320251072,6.548000000000078,6.548000000000078,6.548000000000078,6.548000000000078
43.94779976167229,41.54641320251072,6.548000000000101,6.548000000000101,6.548000000000101,6.548000000000101
43.94779976167229,41.54641320251072,6.548000000000037,6.548000000000037,6.548000000000037,6.548000000000037
43.94779976167229,41.54641320251072,6.547999999999969,6.547999999999969,6.547999999999969,6.547999999999969
43.94779976167229,41.54641320251072,6.54799999999991,6.54799999999991,6.54799999999991,6.54799999999991
43.94779976167229,41.54641320251072,6.548000000000044,6.548000000000044,6.548000000000044,6.548000000000044
43.94779976167229,41.54641320251072,6.54799999999991,6.54799999999991,6.54799999999991,6.54799999999991
43.94779976167229,41.54641320251072,6.547999999999961,6.547999999999961,6.547999999999961,6.547999999999961
43.94779976167229,41.54641320251072,6.548000000000027,6.548000000000027,6.548000000000027,6.548000000000027
43.94779976167229,41.54641320251072,6.548000000000085,6.548000000000085,6.548000000000085,6.548000000000085
43.94779976167229,41.54641320251072,6.548000000000059,6.548000000000059,6.548000000000059,6.548000000000059
43.94779976167229,41.54641320251072,6.547999999999972,6.547999999999972,6.547999999999972,6.547999999999972
43.94779976167229,41.54641320251072,6.548000000000073,6.548000000000073,6.548000000000073,6.548000000000073
43.94779976167229,41.54641320251072,6.5479999999999965,6.5479999999999965,6.5479999999999965,6.5479999999999965
43.94779976167229,41.54641320251072,6.5479999999999645,6.5479999999999645,6.5479999999999645,6.5479999999999645
43.94779976167229,41.54641320251072,6.547999999999936,6.547999999999936,6.547999999999936,6.547999999999936
43.94779976167229,41.54641320251072,6.547999999999986,6.547999999999986,6.547999999999986,6.547999999999986
43.94779976167229,41.54641320251072,6.54800000000008,6.54800000000008,6.54800000000008,6.54800000000008
43.94779976167229,41.54641320251072,6.547999999999911,6.547999999999911,6.547999999999911,6.547999999999911
43.94779976167229,41.54641320251072,6.547999999999909,6.547999999999909,6.547999999999909,6.547999999999909
43.94779976167229,41.54641320251072,6.548000000000018,6.548000000000018,6.548000000000018,6.548000000000018
43.94779976167229,41.54641320251072,6.547999999999909,6.547999999999909,6.547999999999909,6.547999999999909
43.94779976167229,41.54641320251072,6.547999999999925,6.547999999999925,6.547999999999925,6.547999999999925
43.94779976167229,41.54641320251072,6.548000000000025,6.548000000000025,6.548000000000025,6.548000000000025
43.94779976167229,41.54641320251072,6.548000000000101,6.548000000000101,6.548000000000101,6.548000000000101
43.94779976167229,41.54641320251072,6.548000000000084,6.548000000000084,6.548000000000084,6.548000000000084
43.94779976167229,41.54641320251072,6.547999999999924,6.547999999999924,6.547999999999924,6.547999999999924
43.94779976167229,41.54641320251072,6.5479999999999645,6.5479999999999645,6.5479999999999645,6.5479999999999645
43.94779976167229,41.54641320251072,6.548000000000057,6.548000000000057,6.548000000000057,6.548000000000057
43.94779976167229,41.54641320251072,6.547999999999983,6.547999999999983,6.547999999999983,6.547999999999983
43.94779976167229,41.54641320251072,6.548000000000119,6.548000000000119,6.548000000000119,6.548000000000119
43.94779976167229,41.54641320251072,6.5480000000000596,6.5480000000000596,6.5480000000000596,6.5480000000000596
43.94779976167229,41.54641320251072,6.547999999999927,6.547999999999927,6.547999999999927,6.547999999999927
43.94779976167229,41.54641320251072,6.547999999999966,6.547999999999966,6.547999999999966,6.547999999999966
43.94779976167229,41.54641320251072,6.5479999999999805,6.5479999999999805,6.5479999999999805,6.5479999999999805
43.94779976167229,41.54641320251072,6.547999999999945,6.547999999999945,6.547999999999945,6.547999999999945
43.94779976167229,41.54641320251072,6.547999999999925,6.547999999999925,6.547999999999925,6.547999999999925
43.94779976167229,41.54641320251072,6.548000000000074,6.548000000000074,6.548000000000074,6.548000000000074
43.94779976167229,41.54641320251072,6.54800000000003,6.54800000000003,6.54800000000003,6.54800000000003
43.94779976167229,41.54641320251072,6.548000000000021,6.548000000000021,6.548000000000021,6.548000000000021
43.94779976167229,41.54641320251072,6.548000000000014,6.548000000000014,6.548000000000014,6.548000000000014
43.94779976167229,41.54641320251072,6.547999999999989,6.547999999999989,6.547999999999989,6.547999999999989
43.94779976167229,41.54641320251072,6.548000000000096,6.548000000000096,6.548000000000096,6.548000000000096
43.94779976167229,41.54641320251072,6.548000000000027,6.548000000000027,6.548000000000027,6.548000000000027
43.94779976167229,41.54641320251072,6.547999999999894,6.547999999999894,6.547999999999894,6.547999999999894
43.94779976167229,41.54641320251072,6.547999999999869,6.547999999999869,6.547999999999869,6.547999999999869
43.94779976167229,41.54641320251072,6.54800000000006,6.54800000000006,6.54800000000006,6.54800000000006
43.94779976167229,41.54641320251072,6.547999999999999,6.547999999999999,6.547999999999999,6.547999999999999
43.94779976167229,41.54641320251072,6.548000000000114,6.548000000000114,6.548000000000114,6.548000000000114
43.94779976167229,41.54641320251072,6.548000000000016,6.548000000000016,6.548000000000016,6.548000000000016
43.94779976167229,41.54641320251072,6.547999999999994,6.547999999999994,6.547999999999994,6.547999999999994
43.94779976167229,41.54641320251072,6.548000000000011,6.548000000000011,6.548000000000011,6.548000000000011
43.94779976167229,41.54641320251072,6.547999999999956,6.547999999999956,6.547999999999956,6.547999999999956
43.94779976167229,41.54641320251072,6.547999999999982,6.547999999999982,6.547999999999982,6.547999999999982
43.94779976167229,41.54641320251072,6.547999999999899,6.547999999999899,6.547999999999899,6.547999999999899
43.94779976167229,41.54641320251072,6.548000000000007,6.548000000000007,6.548000000000007,6.548000000000007
43.94779976167229,41.54641320251072,6.548000000000032,6.548000000000032,6.548000000000032,6.548000000000032
43.94779976167229,41.54641320251072,6.548000000000027,6.548000000000027,6.548000000000027,6.548000000000027
43.94779976167229,41.54641320251072,6.548000000000053,6.548000000000053,6.548000000000053,6.548000000000053
43.94779976167229,41.54641320251072,6.547999999999941,6.547999999999941,6.547999999999941,6.547999999999941
43.94779976167229,41.54641320251072,6.547999999999961,6.547999999999961,6.547999999999961,6.547999999999961
43.94779976167229,41.54641320251072,6.547999999999963,6.547999999999963,6.547999999999963,6.547999999999963
43.94779976167229,41.54641320251072,6.547999999999966,6.547999999999966,6.547999999999966,6.547999999999966
43.94779976167229,41.54641320251072,6.5480000000000045,6.5480000000000045,6.5480000000000045,6.5480000000000045
43.94779976167229,41.54641320251072,6.5480000000000365,6.5480000000000365,6.5480000000000365,6.5480000000000365
43.94779976167229,41.54641320251072,6.5480000000000524,6.5480000000000524,6.5480000000000524,6.5480000000000524
43.94779976167229,41.54641320251072,6.5479999999999805,6.5479999999999805,6.5479999999999805,6.5479999999999805
43.94779976167229,41.54641320251072,6.5480000000000675,6.5480000000000675,6.5480000000000675,6.5480000000000675
43.94779976167229,41.54641320251072,6.548000000000027,6.548000000000027,6.548000000000027,6.548000000000027
43.94779976167229,41.54641320251072,6.5480000000000596,6.5480000000000596,6.5480000000000596,6.5480000000000596
43.94779976167229,41.54641320251072,6.548000000000014,6.548000000000014,6.548000000000014,6.548000000000014
43.94779976167229,41.54641320251072,6.548000000000071,6.548000000000071,6.548000000000071,6.548000000000071
43.94779976167229,41.54641320251072,6.547999999999943,6.547999999999943,6.547999999999943,6.547999999999943
43.94779976167229,41.54641320251072,6.548000000000046,6.548000000000046,6.548000000000046,6.548000000000046
43.94779976167229,41.54641320251072,6.548000000000002,6.548000000000002,6.548000000000002,6.548000000000002
43.94779976167229,41.54641320251072,6.547999999999956,6.547999999999956,6.547999999999956,6.547999999999956
43.94779976167229,41.54641320251072,6.547999999999896,6.547999999999896,6.547999999999896,6.547999999999896
43.94779976167229,41.54641320251072,6.548000000000091,6.548000000000091,6.548000000000091,6.548000000000091
43.94779976167229,41.54641320251072,6.547999999999989,6.547999999999989,6.547999999999989,6.547999999999989
43.94779976167229,41.54641320251072,6.547999999999968,6.547999999999968,6.547999999999968,6.547999999999968
43.94779976167229,41.54641320251072,6.548000000000074,6.548000000000074,6.548000000000074,6.548000000000074
43.94779976167229,41.54641320251072,6.547999999999961,6.547999999999961,6.547999999999961,6.547999999999961
43.94779976167229,41.54641320251072,6.547999999999961,6.547999999999961,6.547999999999961,6.547999999999961
43.94779976167229,41.54641320251072,6.548000000000126,6.548000000000126,6.548000000000126,6.548000000000126
43.94779976167229,41.54641320251072,6.548000000000028,6.548000000000028,6.548000000000028,6.548000000000028
43.94779976167229,41.54641320251072,6.547999999999974,6.547999999999974,6.547999999999974,6.547999999999974
43.94779976167229,41.54641320251072,6.547999999999998,6.547999999999998,6.547999999999998,6.547999999999998
43.94779976167229,41.54641320251072,6.548000000000027,6.548000000000027,6.548000000000027,6.548000000000027
43.94779976167229,41.54641320251072,6.5480000000000995,6.5480000000000995,6.5480000000000995,6.5480000000000995
43.94779976167229,41.54641320251072,6.547999999999996,6.547999999999996,6.547999999999996,6.547999999999996
43.94779976167229,41.54641320251072,6.548000000000078,6.548000000000078,6.548000000000078,6.548000000000078
43.94779976167229,41.54641320251072,6.548000000000101,6.548000000000101,6.548000000000101,6.548000000000101
43.94779976167229,41.54641320251072,6.548000000000037,6.548000000000037,6.548000000000037,6.548000000000037
43.94779976167229,41.54641320251072,6.547999999999969,6.547999999999969,6.547999999999969,6.547999999999969
42.948408934653195,41.581312699213264,6.547999999999969,6.547999999999969,6.547999999999969,6.547999999999969
41.949018107634096,41.61621219591581,6.547999999999969,6.547999999999969,6.547999999999969,6.547999999999969
40.949627280615,41.65111169261835,6.547999999999969,6.547999999999969,6.547999999999969,6.547999999999969
39.9502364535959,41.686011189320894,6.547999999999969,6.547999999999969,6.547999999999969,6.547999999999969
38.9508456265768,41.72091068602344,6.547999999999969,6.547999999999969,6.547999999999969,6.547999999999969
37.9514547995577,41.75581018272598,6.547999999999969,6.547999999999969,6.547999999999969,6.547999999999969
36.9520639725386,41.790709679428524,6.547999999999969,6.547999999999969,6.547999999999969,6.547999999999969
35.952673145519505,41.82560917613107,6.547999999999969,6.547999999999969,6.547999999999969,6.547999999999969
34.953282318500406,41.86050867283361,6.547999999999969,6.547999999999969,6.547999999999969,6.547999999999969
33.95389149148131,41.895408169536154,6.547999999999969,6.547999999999969,6.547999999999969,6.547999999999969
32.95450066446221,41.9303076662387,6.547999999999969,6.547999999999969,6.547999999999969,6.547999999999969
31.95510983744311,41.96520716294124,6.547999999999969,6.547999999999969,6.547999999999969,6.547999999999969
30.955719010424012,42.000106659643784,6.547999999999969,6.547999999999969,6.547999999999969,6.547999999999969
29.956328183404914,42.03500615634633,6.547999999999969,6.547999999999969,6.547999999999969,6.547999999999969
28.956937356385815,42.06990565304887,6.547999999999969,6.547999999999969,6.547999999999969,6.547999999999969
27.957546529366716,42.104805149751414,6.547999999999969,6.547999999999969,6.547999999999969,6.547999999999969
26.958155702347618,42.13970464645396,6.547999999999969,6.547999999999969,6.547999999999969,6.547999999999969
25.95876487532852,42.1746041431565,6.547999999999969,6.547999999999969,6.547999999999969,6.547999999999969
24.95937404830942,42.209503639859044,6.547999999999969,6.547999999999969,6.547999999999969,6.547999999999969
23.959983221290322,42.24440313656159,6.547999999999969,6.547999999999969,6.547999999999969,6.547999999999969
22.960592394271224,42.27930263326413,6.547999999999969,6.547999999999969,6.547999999999969,6.547999999999969
21.961201567252125,42.314202129966674,6.547999999999969,6.547999999999969,6.547999999999969,6.547999999999969
20.961810740233027,42.34910162666922,6.547999999999969,6.547999999999969,6.547999999999969,6.547999999999969
19.962419913213928,42.38400112337177,6.547999999999969,6.547999999999969,6.547999999999969,6.547999999999969
18.96302908619483,42.41890062007432,6.547999999999969,6.547999999999969,6.547999999999969,6.547999999999969
18.96302908619483,42.41890062007432,6.548000000000022,6.547999999999913,6.548000000000022,6.547999999999913
18.96302908619483,42.41890062007432,6.548000000000044,6.548000000000044,6.548000000000044,6.548000000000044
18.96302908619483,42.41890062007432,6.548000000000014,6.548000000000124,6.548000000000014,6.548000000000124
17.963181391038432,42.40144821363708,6.548000000000014,6.548000000000124,6.548000000000014,6.548000000000124
16.963333695882035,42.383995807199845,6.548000000000014,6.548000000000124,6.548000000000014,6.548000000000124
15.963486000725638,42.36654340076261,6.548000000000014,6.548000000000124,6.548000000000014,6.548000000000124
14.96363830556924,42.34909099432537,6.548000000000014,6.548000000000124,6.548000000000014,6.548000000000124
13.963790610412843,42.331638587888136,6.548000000000014,6.548000000000124,6.548000000000014,6.548000000000124
12.963942915256446,42.3141861814509,6.548000000000014,6.548000000000124,6.548000000000014,6.548000000000124
11.964095220100049,42.296733775013664,6.548000000000014,6.548000000000124,6.548000000000014,6.548000000000124
10.964247524943652,42.27928136857643,6.548000000000014,6.548000000000124,6.548000000000014,6.548000000000124
9.964399829787254,42.26182896213919,6.548000000000014,6.548000000000124,6.548000000000014,6.548000000000124
8.964552134630857,42.244376555701955,6.548000000000014,6.548000000000124,6.548000000000014,6.548000000000124
7.96470443947446,42.22692414926472,6.548000000000014,6.548000000000124,6.548000000000014,6.548000000000124
6.9648567443180625,42.20947174282748,6.548000000000014,6.548000000000124,6.548000000000014,6.548000000000124
5.965009049161665,42.192019336390246,6.548000000000014,6.548000000000124,6.548000000000014,6.548000000000124
4.965161354005267,42.17456692995301,6.548000000000014,6.548000000000124,6.548000000000014,6.548000000000124
3.965313658848869,42.15711452351577,6.548000000000014,6.548000000000124,6.548000000000014,6.548000000000124
2.9654659636924707,42.139662117078544,6.548000000000014,6.548000000000124,6.548000000000014,6.548000000000124
1.9656182685360726,42.122209710641314,6.548000000000014,6.548000000000124,6.548000000000014,6.548000000000124
0.9657705733796749,42.104757304204085,6.548000000000014,6.548000000000124,6.548000000000014,6.548000000000124
-0.03407712177672284,42.087304897766856,6.548000000000014,6.548000000000124,6.548000000000014,6.548000000000124
-1.0339248169331205,42.06985249132963,6.548000000000014,6.548000000000124,6.548000000000014,6.548000000000124
-2.0337725120895183,42.0524000848924,6.548000000000018,6.548000000000124,6.548000000000018,6.548000000000124
-3.0336202072459164,42.03494767845517,6.548000000000016,6.548000000000124,6.548000000000016,6.548000000000124
-4.033467902402315,42.01749527201794,6.548000000000014,6.548000000000124,6.548000000000014,6.548000000000124
-5.033315597558712,42.00004286558071,6.548000000000014,6.548000000000124,6.548000000000014,6.548000000000124
-6.033163292715109,41.98259045914348,6.548000000000014,6.548000000000124,6.548000000000014,6.548000000000124
-7.033010987871507,41.96513805270625,6.548000000000014,6.548000000000124,6.548000000000014,6.548000000000124
-8.032858683027905,41.94768564626902,6.548000000000014,6.548000000000124,6.548000000000014,6.548000000000124
-9.032706378184304,41.93023323983179,6.548000000000014,6.548000000000124,6.548000000000014,6.548000000000124
-10.032554073340702,41.912780833394564,6.548000000000014,6.548000000000124,6.548000000000014,6.548000000000124
-11.032401768497099,41.895328426957335,6.548000000000014,6.548000000000124,6.548000000000014,6.548000000000124
-12.032249463653496,41.877876020520105,6.548000000000014,6.548000000000124,6.548000000000014,6.548000000000124
-13.032097158809894,41.860423614082876,6.548000000000014,6.548000000000124,6.548000000000014,6.548000000000124
-14.03194485396629,41.84297120764565,6.548000000000014,6.548000000000124,6.548000000000014,6.548000000000124
-15.031792549122688,41.82551880120842,6.548000000000014,6.548000000000124,6.548000000000014,6.548000000000124
-16.031640244279085,41.80806639477119,6.548000000000014,6.548000000000124,6.548000000000014,6.548000000000124
-17.031487939435483,41.79061398833396,6.548000000000014,6.548000000000124,6.548000000000014,6.548000000000124
-18.03133563459188,41.77316158189673,6.548000000000014,6.548000000000124,6.548000000000014,6.548000000000124
-19.031183329748277,41.7557091754595,6.548000000000014,6.548000000000123,6.548000000000014,6.548000000000123
-19.031183329748277,41.7557091754595,6.548000000000069,6.547999999999957,6.548000000000069,6.547999999999957
-19.031183329748277,41.7557091754595,6.548000000000027,6.548000000000027,6.548000000000027,6.548000000000027
-19.031183329748277,41.7557091754595,6.547999999999963,6.548000000000078,6.547999999999963,6.548000000000078
-19.031183329748277,41.7557091754595,6.548000000000059,6.548000000000059,6.548000000000059,6.548000000000059
-19.031183329748277,41.7557091754595,6.548000000000058,6.547999999999961,6.548000000000058,6.547999999999961
-19.031183329748277,41.7557091754595,6.548000000000073,6.54800000000006,6.548000000000073,6.54800000000006
-19.031183329748277,41.7557091754595,6.547999999999966,6.5479999999999805,6.547999999999966,6.5479999999999805
-19.031183329748277,41.7557091754595,6.548000000000037,6.547999999999947,6.548000000000037,6.547999999999947
-19.031183329748277,41.7557091754595,6.548000000000043,6.547999999999918,6.548000000000043,6.547999999999918
-19.031183329748277,41.7557091754595,6.547999999999986,6.547999999999986,6.547999999999986,6.547999999999986
-20.01281051319596,41.564900180083015,6.547999999999986,6.547999999999986,6.547999999999986,6.547999999999986
-20.01281051319596,41.564900180083015,6.548000000000036,6.548000000000059,6.548000000000036,6.548000000000059
-20.990958113929782,41.35698848926531,6.548000000000036,6.548000000000059,6.548000000000036,6.548000000000059
-20.990958113929782,41.35698848926531,6.548000000000017,6.547999999999911,6.548000000000017,6.547999999999911
-21.965328178715037,41.13203743492151,6.548000000000017,6.547999999999911,6.548000000000017,6.547999999999911
-21.965328178715037,41.13203743492151,6.548000000000014,6.548000000000119,6.548000000000014,6.548000000000119
-22.935623904991054,40.8901155393219,6.548000000000014,6.548000000000119,6.548000000000014,6.548000000000119
-22.935623904991054,40.8901155393219,6.548000000000018,6.547999999999989,6.548000000000018,6.547999999999989
-23.901549731280145,40.631296494219434,6.548000000000018,6.547999999999989,6.548000000000018,6.547999999999989
-23.901549731280145,40.631296494219434,6.5480000000000125,6.548000000000117,6.5480000000000125,6.548000000000117
-24.862811427218485,40.355659138402494,6.5480000000000125,6.548000000000117,6.5480000000000125,6.548000000000117
-24.862811427218485,40.355659138402494,6.548000000000029,6.548000000000101,6.548000000000029,6.548000000000101
-25.819116183181542,40.06328743367982,6.548000000000029,6.548000000000101,6.548000000000029,6.548000000000101
-25.819116183181542,40.06328743367982,6.547999999999957,6.547999999999991,6.547999999999957,6.547999999999991
-26.77017269947672,39.754270439304925,6.547999999999957,6.547999999999991,6.547999999999957,6.547999999999991
-26.77017269947672,39.754270439304925,6.54800000000003,6.54800000000003,6.54800000000003,6.54800000000003
-27.71569127507606,39.42870228484782,6.54800000000003,6.54800000000003,6.54800000000003,6.54800000000003
-27.71569127507606,39.42870228484782,6.548000000000084,6.548000000000048,6.548000000000084,6.548000000000048
-28.655383895861995,39.08668214152221,6.548000000000084,6.548000000000048,6.548000000000084,6.548000000000048
-28.655383895861995,39.08668214152221,6.548000000000025,6.548000000000086,6.548000000000025,6.548000000000086
-29.588964322359224,38.72831419197697,6.548000000000025,6.548000000000086,6.548000000000025,6.548000000000086
-29.588964322359224,38.72831419197697,6.547999999999983,6.548000000000124,6.547999999999983,6.548000000000124
-30.51614817692604,38.353707598561115,6.547999999999983,6.548000000000124,6.547999999999983,6.548000000000124
-30.51614817692604,38.353707598561115,6.548000000000057,6.548000000000014,6.548000000000057,6.548000000000014
-31.436653030378512,37.9629764700719,6.548000000000057,6.548000000000014,6.548000000000057,6.548000000000014
-31.436653030378512,37.9629764700719,6.548000000000082,6.547999999999983,6.548000000000082,6.547999999999983
-32.35019848802114,37.556239826996155,6.548000000000082,6.547999999999983,6.548000000000082,6.547999999999983
-32.35019848802114,37.556239826996155,6.5480000000000285,6.548000000000074,6.5480000000000285,6.548000000000074
-33.25650627505782,37.13362156525551,6.5480000000000285,6.548000000000074,6.5480000000000285,6.548000000000074
-33.25650627505782,37.13362156525551,6.5479999999999645,6.5479999999999645,6.5479999999999645,6.5479999999999645
-34.15530032135702,36.695250418466486,6.5479999999999645,6.5479999999999645,6.5479999999999645,6.5479999999999645
-34.15530032135702,36.695250418466486,6.548000000000025,6.548000000000071,6.548000000000025,6.548000000000071
-35.04630684554542,36.241259918726996,6.548000000000121,6.548000000000121,6.548000000000121,6.548000000000121
-35.04630684554542,36.241259918726996,6.547999999999966,6.547999999999966,6.547999999999966,6.547999999999966
-35.929254438404385,35.77178835594116,6.547999999999966,6.547999999999966,6.547999999999966,6.547999999999966
-35.929254438404385,35.77178835594116,6.548000000000066,6.548000000000066,6.548000000000066,6.548000000000066
-36.803874145543816,35.28697873569488,6.548000000000066,6.548000000000066,6.548000000000066,6.548000000000066
-36.803874145543816,35.28697873569488,6.548000000000132,6.548000000000132,6.548000000000132,6.548000000000132
-37.66989954932829,34.78697873569494,6.548000000000132,6.548000000000132,6.548000000000132,6.548000000000132
-37.66989954932829,34.78697873569494,6.54800000000011,6.54800000000011,6.54800000000011,6.54800000000011
-37.66989954932829,34.78697873569494,6.548000000000074,6.548000000000074,6.548000000000074,6.548000000000074
-37.66989954932829,34.78697873569494,6.54800000000003,6.54800000000003,6.54800000000003,6.54800000000003
-37.66989954932829,34.78697873569494,6.548000000000021,6.548000000000021,6.548000000000021,6.548000000000021
-37.66989954932829,34.78697873569494,6.548000000000014,6.548000000000014,6.548000000000014,6.548000000000014
-37.66989954932829,34.78697873569494,6.547999999999989,6.547999999999989,6.547999999999989,6.547999999999989
-37.66989954932829,34.78697873569494,6.548000000000096,6.548000000000096,6.548000000000096,6.548000000000096
-37.66989954932829,34.78697873569494,6.548000000000065,6.548000000000065,6.548000000000065,6.548000000000065
-37.66989954932829,34.78697873569494,6.548000000000063,6.548000000000063,6.548000000000063,6.548000000000063
-37.66989954932829,34.78697873569494,6.548000000000034,6.548000000000034,6.548000000000034,6.548000000000034
-37.66989954932829,34.78697873569494,6.547999999999919,6.547999999999919,6.547999999999919,6.547999999999919
-37.66989954932829,34.78697873569494,6.547999999999999,6.547999999999999,6.547999999999999,6.547999999999999
-37.66989954932829,34.78697873569494,6.547999999999966,6.547999999999966,6.547999999999966,6.547999999999966
-37.66989954932829,34.78697873569494,6.548000000000016,6.548000000000016,6.548000000000016,6.548000000000016
-37.66989954932829,34.78697873569494,6.547999999999994,6.547999999999994,6.547999999999994,6.547999999999994
-37.66989954932829,34.78697873569494,6.548000000000011,6.548000000000011,6.548000000000011,6.548000000000011
-37.66989954932829,34.78697873569494,6.548000000000103,6.548000000000103,6.548000000000103,6.548000000000103
-37.66989954932829,34.78697873569494,6.547999999999982,6.547999999999982,6.547999999999982,6.547999999999982
-37.66989954932829,34.78697873569494,6.54800000000004,6.54800000000004,6.54800000000004,6.54800000000004
-38.325958578318854,34.03226915547221,6.54800000000004,6.54800000000004,6.54800000000004,6.54800000000004
-38.325958578318854,34.03226915547221,6.548000000000146,6.548000000000146,6.548000000000146,6.548000000000146
-38.96874618800545,33.26622471235327,6.548000000000146,6.548000000000146,6.548000000000146,6.548000000000146
-38.96874618800545,33.26622471235327,6.548000000000032,6.548000000000032,6.548000000000032,6.548000000000032
-39.59806657905534,32.48907875089634,6.548000000000032,6.548000000000032,6.548000000000032,6.548000000000032
-39.59806657905534,32.48907875089634,6.54799999999999,6.54799999999999,6.54799999999999,6.54799999999999
-40.21372805438106,31.701067997289655,6.54799999999999,6.54799999999999,6.54799999999999,6.54799999999999
-40.21372805438106,31.701067997289655,6.548000000000053,6.548000000000053,6.548000000000053,6.548000000000053
-40.815543077533164,30.9024324872424,6.548000000000053,6.548000000000053,6.548000000000053,6.548000000000053
-40.815543077533164,30.9024324872424,6.547999999999941,6.547999999999941,6.547999999999941,6.547999999999941
-41.40332832982569,30.093415492867486,6.547999999999941,6.547999999999941,6.547999999999941,6.547999999999941
-41.40332832982569,30.093415492867486,6.547999999999961,6.547999999999961,6.547999999999961,6.547999999999961
-41.976904766176794,29.27426344857853,6.547999999999961,6.547999999999961,6.547999999999961,6.547999999999961
-41.976904766176794,29.27426344857853,6.547999999999963,6.547999999999963,6.547999999999963,6.547999999999963
-42.536097669647596,28.44522587602352,6.547999999999963,6.548000000000023,6.547999999999963,6.548000000000023
-42.536097669647596,28.44522587602352,6.547999999999966,6.548000000000025,6.547999999999966,6.548000000000025
-43.080736704662684,27.60655530807813,6.547999999999966,6.548000000000025,6.547999999999966,6.548000000000025
-43.080736704662684,27.60655530807813,6.5480000000000045,6.548000000000062,6.5480000000000045,6.548000000000062
-43.61065596889595,26.758507211921735,6.5480000000000045,6.548000000000062,6.5480000000000045,6.548000000000062
-43.61065596889595,26.758507211921735,6.547999999999943,6.548000000000092,6.547999999999943,6.548000000000092
-44.125694043806064,25.901339911219655,6.547999999999943,6.548000000000092,6.547999999999943,6.548000000000092
-44.125694043806064,25.901339911219655,6.547999999999959,6.5480000000000524,6.547999999999959,6.5480000000000524
-44.62569404380612,25.035314507435245,6.547999999999959,6.5480000000000524,6.547999999999959,6.5480000000000524
-44.62569404380612,25.035314507435245,6.547999999999991,6.548000000000085,6.547999999999991,6.548000000000085
-45.110503664052516,24.16069480029588,6.547999999999991,6.548000000000085,6.547999999999991,6.548000000000085
-45.59531328429891,23.286075093156512,6.547999999999991,6.548000000000085,6.547999999999991,6.548000000000085
-45.59531328429891,23.286075093156512,6.548000000000074,6.547999999999927,6.548000000000074,6.547999999999927
-46.064784847084866,22.403127500297614,6.548000000000074,6.547999999999927,6.548000000000074,6.547999999999927
-46.064784847084866,22.403127500297614,6.548000000000027,6.548000000000076,6.548000000000027,6.548000000000076
-46.064784847084866,22.403127500297614,6.548000000000057,6.54799999999996,6.548000000000057,6.54799999999996
-46.064784847084866,22.403127500297614,6.548000000000014,6.548000000000014,6.548000000000014,6.548000000000014
-46.064784847084866,22.403127500297614,6.5479999999999725,6.5480000000001155,6.5479999999999725,6.5480000000001155
-46.47152149016073,21.489582042655037,6.5479999999999725,6.5480000000001155,6.5479999999999725,6.5480000000001155
-46.47152149016073,21.489582042655037,6.548000000000042,6.547999999999985,6.548000000000042,6.547999999999985
-46.47152149016073,21.489582042655037,6.548000000000046,6.548000000000046,6.548000000000046,6.548000000000046
-46.47152149016073,21.489582042655037,6.548000000000002,6.54800000000004,6.548000000000002,6.54800000000004
-46.47152149016073,21.489582042655037,6.547999999999956,6.547999999999991,6.547999999999956,6.547999999999991
-46.47152149016073,21.489582042655037,6.548000000000069,6.547999999999966,6.548000000000069,6.547999999999966
-46.47152149016073,21.489582042655037,6.547999999999988,6.548000000000091,6.547999999999988,6.548000000000091
-46.47152149016073,21.489582042655037,6.547999999999989,6.548000000000021,6.547999999999989,6.548000000000021
-46.47152149016073,21.489582042655037,6.5480000000000285,6.5480000000000285,6.5480000000000285,6.5480000000000285
-46.47152149016073,21.489582042655037,6.547999999999969,6.548000000000101,6.547999999999969,6.548000000000101
-46.47152149016073,21.489582042655037,6.548000000000013,6.547999999999988,6.548000000000013,6.547999999999988
-46.47152149016073,21.489582042655037,6.54800000000001,6.54800000000001,6.54800000000001,6.54800000000001
-46.696472544504665,20.51521197786981,6.54800000000001,6.54800000000001,6.54800000000001,6.54800000000001
-46.696472544504665,20.51521197786981,6.54800000000002,6.547999999999913,6.54800000000002,6.547999999999913
-46.904384235322496,19.537064377136012,6.54800000000002,6.547999999999913,6.54800000000002,6.547999999999913
-46.904384235322496,19.537064377136012,6.548000000000069,6.548000000000069,6.548000000000069,6.548000000000069
-47.09519323069911,18.555437193688356,6.548000000000069,6.548000000000069,6.548000000000069,6.548000000000069
-47.09519323069911,18.555437193688356,6.547999999999974,6.547999999999993,6.547999999999974,6.547999999999993
-47.268841408366114,17.570629440676154,6.547999999999974,6.547999999999993,6.547999999999974,6.547999999999993
-47.268841408366114,17.570629440676154,6.547999999999998,6.547999999999998,6.547999999999998,6.547999999999998
-47.42527587340642,16.58294110008102,6.547999999999998,6.547999999999998,6.547999999999998,6.547999999999998
-47.581710338446726,15.595252759485884,6.547999999999998,6.547999999999998,6.547999999999998,6.547999999999998
-47.581710338446726,15.595252759485884,6.548000000000027,6.548000000000027,6.548000000000027,6.548000000000041
-47.72088343940687,14.604984690744317,6.548000000000027,6.548000000000041,6.548000000000027,6.548000000000041
-47.72088343940687,14.604984690744317,6.547999999999992,6.548000000000113,6.547999999999992,6.548000000000113
-47.84275278281209,13.612438539102996,6.547999999999992,6.548000000000113,6.547999999999992,6.548000000000113
-47.84275278281209,13.612438539102996,6.547999999999996,6.547999999999996,6.547999999999996,6.547999999999996
-47.94728124607982,12.617916643734723,6.547999999999996,6.548,6.547999999999996,6.548
-48.051809709347545,11.62339474836645,6.547999999999996,6.548,6.547999999999996,6.548
-48.051809709347545,11.62339474836645,6.548000000000043,6.548000000000097,6.548000000000043,6.548000000000097
-48.13896545209528,10.627200050274704,6.548000000000043,6.548000000000097,6.548000000000043,6.548000000000097
-48.13896545209528,10.627200050274704,6.547999999999993,6.548000000000105,6.547999999999993,6.548000000000105
-48.20872192583948,9.629636000014877,6.547999999999993,6.548000000000105,6.547999999999993,6.548000000000105
-48.20872192583948,9.629636000014877,6.548000000000049,6.548000000000046,6.548000000000049,6.548000000000046
-48.2610578820825,8.631006465260299,6.548000000000049,6.548000000000046,6.548000000000049,6.548000000000046
-48.2610578820825,8.631006465260299,6.54800000000003,6.5479999999999725,6.54800000000003,6.5479999999999725
-48.295957378785076,7.631615638241199,6.54800000000003,6.5479999999999725,6.54800000000003,6.5479999999999725
-48.330856875487655,6.632224811222098,6.54800000000003,6.5479999999999725,6.54800000000003,6.5479999999999725
-48.36575637219023,5.632833984202998,6.54800000000003,6.5479999999999725,6.54800000000003,6.5479999999999725
-48.40065586889281,4.633443157183898,6.54800000000003,6.547999999999973,6.54800000000003,6.547999999999973
-48.43555536559539,3.6340523301647973,6.54800000000003,6.547999999999973,6.54800000000003,6.547999999999973
-48.47045486229797,2.634661503145697,6.54800000000003,6.547999999999973,6.54800000000003,6.547999999999973
-48.50535435900055,1.6352706761265967,6.54800000000003,6.547999999999973,6.54800000000003,6.547999999999973
-48.54025385570313,0.6358798491074964,6.54800000000003,6.547999999999973,6.54800000000003,6.547999999999973
-48.54025385570313,0.6358798491074964,6.548000000000022,6.548000000000131,6.548000000000022,6.548000000000131
-48.55770626214049,-0.36396784604890087,6.548000000000022,6.548000000000131,6.548000000000022,6.548000000000131
-48.55770626214049,-0.36396784604890087,6.54800000000003,6.548000000000044,6.54800000000003,6.548000000000044
-48.55770626214057,-1.3639678460489086,6.548000000000023,6.548000000000044,6.548000000000023,6.548000000000044
-48.55770626214057,-1.3639678460489086,6.548000000000021,6.548000000000123,6.548000000000021,6.548000000000123
-48.54025385570337,-2.3638155412053092,6.548000000000025,6.548000000000123,6.548000000000025,6.548000000000123
-48.52280144926617,-3.3636632363617096,6.548000000000025,6.548000000000123,6.548000000000025,6.548000000000123
-48.52280144926617,-3.3636632363617096,6.548000000000021,6.547999999999957,6.548000000000021,6.547999999999957
-48.487901952563746,-4.363054063380816,6.548000000000021,6.547999999999957,6.548000000000021,6.547999999999957
-48.487901952563746,-4.363054063380816,6.548000000000015,6.548000000000021,6.548000000000015,6.548000000000021
-48.43556599632088,-5.361683598135402,6.548000000000015,6.548000000000021,6.548000000000015,6.548000000000021
-48.43556599632088,-5.361683598135402,6.548000000000016,6.548000000000073,6.548000000000016,6.548000000000073
-48.36580952257684,-6.35924764839524,6.548000000000016,6.548000000000073,6.548000000000016,6.548000000000073
-48.36580952257684,-6.35924764839524,6.548000000000032,6.548000000000053,6.548000000000032,6.548000000000053
-48.27865377982926,-7.355442346487,6.548000000000032,6.548000000000054,6.548000000000032,6.548000000000054
-48.27865377982926,-7.355442346487,6.54800000000003,6.54799999999995,6.54800000000003,6.54799999999995
-48.17412531656169,-8.34996424185529,6.54800000000003,6.54799999999995,6.54800000000003,6.54799999999995
-48.17412531656169,-8.34996424185529,6.5480000000000205,6.548000000000053,6.5480000000000205,6.548000000000053
-48.052255973156626,-9.34251039349663,6.5480000000000205,6.548000000000053,6.5480000000000205,6.548000000000053
-48.052255973156626,-9.34251039349663,6.54800000000002,6.54799999999997,6.54800000000002,6.54799999999997
-47.91308287219664,-10.33277846223822,6.54800000000002,6.547999999999966,6.54800000000002,6.547999999999966
-47.91308287219664,-10.33277846223822,6.548000000000011,6.547999999999931,6.548000000000011,6.547999999999931
-47.75664840715649,-11.320466802833378,6.548000000000037,6.547999999999931,6.548000000000037,6.547999999999931
-47.75664840715649,-11.320466802833378,6.548000000000005,6.548000000000121,6.548000000000005,6.548000000000121
-47.58300022948964,-12.305274555845608,6.548000000000005,6.548000000000121,6.548000000000005,6.548000000000121
-47.58300022948964,-12.305274555845608,6.54800000000004,6.547999999999977,6.54800000000004,6.547999999999977
-47.39219123411318,-13.286901739293295,6.54800000000004,6.547999999999977,6.54800000000004,6.547999999999977
-47.39219123411318,-13.286901739293295,6.548000000000036,6.548000000000036,6.548000000000036,6.548000000000036
-47.1842795432955,-14.265049340027126,6.548000000000036,6.548000000000036,6.548000000000036,6.548000000000036
-47.1842795432955,-14.265049340027126,6.548000000000017,6.54800000000011,6.548000000000017,6.54800000000011
-46.95932848895172,-15.239419404812388,6.548000000000017,6.54800000000011,6.548000000000017,6.54800000000011
-46.95932848895172,-15.239419404812388,6.548000000000066,6.548000000000092,6.548000000000066,6.548000000000092
-46.71740659335213,-16.209715131088412,6.548000000000066,6.548000000000092,6.548000000000066,6.548000000000092
-46.71740659335213,-16.209715131088412,6.548000000000014,6.547999999999976,6.548000000000014,6.547999999999976
-46.45858754824969,-17.17564095737751,6.548000000000014,6.547999999999976,6.548000000000014,6.547999999999976
-46.45858754824969,-17.17564095737751,6.548000000000066,6.548000000000101,6.548000000000066,6.548000000000101
-46.18295019243277,-18.13690265331586,6.548000000000066,6.548000000000101,6.548000000000066,6.548000000000101
-46.18295019243277,-18.13690265331586,6.548000000000018,6.548000000000085,6.548000000000018,6.548000000000085
-45.890578487710115,-19.09320740927893,6.547999999999966,6.548000000000069,6.548000000000018,6.548000000000069
-45.890578487710115,-19.09320740927893,6.54800000000006,6.547999999999957,6.548000000000008,6.547999999999957
-45.58156149333525,-20.044263925574118,6.54800000000006,6.547999999999957,6.54800000000006,6.547999999999957
-45.58156149333525,-20.044263925574118,6.54800000000003,6.54800000000003,6.54800000000003,6.54800000000003
-45.25599333887818,-20.98978250117347,6.54800000000003,6.54800000000003,6.54800000000003,6.54800000000003
-45.25599333887818,-20.98978250117347,6.548000000000011,6.548000000000048,6.548000000000011,6.548000000000048
-44.913973195552586,-21.929475121959413,6.548000000000011,6.548000000000048,6.548000000000011,6.548000000000048
-44.913973195552586,-21.929475121959413,6.547999999999947,6.548000000000086,6.547999999999947,6.548000000000086
-44.55560524600737,-22.863055548456654,6.547999999999947,6.548000000000086,6.547999999999947,6.548000000000086
-44.55560524600737,-22.863055548456654,6.547999999999983,6.548000000000084,6.547999999999983,6.548000000000084
-44.18099865259153,-23.79023940302348,6.547999999999983,6.548000000000084,6.547999999999983,6.548000000000084
-44.18099865259153,-23.79023940302348,6.547999999999972,6.547999999999972,6.547999999999972,6.547999999999972
-43.79026752410234,-24.710744256475962,6.547999999999972,6.547999999999972,6.547999999999972,6.547999999999972
-43.79026752410234,-24.710744256475962,6.547999999999995,6.54799999999994,6.547999999999995,6.54799999999994
-43.38353088102662,-25.624289714118607,6.547999999999995,6.54799999999994,6.547999999999995,6.54799999999994
-43.38353088102662,-25.624289714118607,6.5480000000000285,6.5480000000000285,6.5480000000000285,6.5480000000000285
-42.960912619286006,-26.530597501155302,6.5480000000000285,6.5480000000000285,6.5480000000000285,6.5480000000000285
-42.960912619286006,-26.530597501155302,6.548000000000062,6.5479999999999645,6.548000000000062,6.5479999999999645
-42.52254147249701,-27.429391547454514,6.548000000000062,6.5479999999999645,6.548000000000062,6.5479999999999645
-42.52254147249701,-27.429391547454514,6.548000000000023,6.548000000000071,6.548000000000023,6.548000000000071
-42.06855097275754,-28.32039807164293,6.548000000000023,6.548000000000071,6.548000000000023,6.548000000000071
-42.06855097275754,-28.32039807164293,6.54800000000006,6.547999999999915,6.54800000000006,6.547999999999915
-41.59907940997173,-29.203345664501906,6.54800000000006,6.547999999999915,6.54800000000006,6.547999999999915
-41.59907940997173,-29.203345664501906,6.548000000000066,6.548000000000066,6.548000000000066,6.548000000000066
-41.11426978972547,-30.07796537164135,6.548000000000066,6.548000000000066,6.548000000000066,6.548000000000066
-41.11426978972547,-30.07796537164135,6.548000000000023,6.548000000000078,6.548000000000023,6.548000000000078
-40.61426978972555,-30.943990775425842,6.548000000000023,6.548000000000078,6.548000000000023,6.548000000000078
-40.61426978972555,-30.943990775425842,6.547999999999999,6.548000000000055,6.547999999999999,6.548000000000055
-40.09923171481557,-31.801158076128008,6.547999999999999,6.548000000000055,6.547999999999999,6.548000000000055
-40.09923171481557,-31.801158076128008,6.547999999999959,6.548000000000016,6.547999999999959,6.548000000000016
-39.569312450582444,-32.64920617228449,6.547999999999959,6.548000000000016,6.547999999999959,6.548000000000016
-39.569312450582444,-32.64920617228449,6.548000000000004,6.547999999999972,6.548000000000004,6.547999999999972
-39.02467341556749,-33.487876740229964,6.548000000000004,6.547999999999972,6.548000000000004,6.547999999999972
-39.02467341556749,-33.487876740229964,6.548000000000021,6.547999999999961,6.548000000000021,6.547999999999961
-38.46548051209682,-34.31691431278506,6.548000000000111,6.547999999999961,6.548000000000111,6.547999999999961
-38.46548051209682,-34.31691431278506,6.548000000000103,6.547999999999952,6.548000000000103,6.547999999999952
-37.89190407574584,-35.136066357074114,6.548000000000014,6.548000000000014,6.548000000000014,6.548000000000014
-37.89190407574584,-35.136066357074114,6.547999999999989,6.547999999999989,6.547999999999989,6.547999999999989
-37.30411882345344,-35.94508335144912,6.547999999999989,6.547999999999989,6.547999999999989,6.547999999999989
-37.30411882345344,-35.94508335144912,6.547999999999966,6.547999999999966,6.547999999999966,6.547999999999966
-36.702303800301465,-36.743718861496475,6.547999999999966,6.547999999999966,6.547999999999966,6.547999999999966
-36.702303800301465,-36.743718861496475,6.548000000000065,6.548000000000065,6.548000000000065,6.548000000000065
-36.08664232497588,-37.53172961510326,6.548000000000065,6.548000000000065,6.548000000000065,6.548000000000065
-36.08664232497588,-37.53172961510326,6.548000000000063,6.548000000000063,6.548000000000063,6.548000000000063
-35.45732193392611,-38.30887557656029,6.548000000000063,6.548000000000063,6.548000000000063,6.548000000000063
-35.45732193392611,-38.30887557656029,6.548000000000034,6.548000000000034,6.548000000000034,6.548000000000034
-34.81453432423964,-39.07492001967933,6.548000000000034,6.548000000000034,6.548000000000034,6.548000000000034
-34.81453432423964,-39.07492001967933,6.548000000000082,6.548000000000002,6.548000000000082,6.548000000000082
-34.1584752952492,-39.82962959990217,6.548000000000082,6.548000000000002,6.548000000000082,6.548000000000002
-34.1584752952492,-39.82962959990217,6.548000000000088,6.547999999999934,6.548000000000088,6.547999999999934
-33.489344688890405,-40.57277442537963,6.548000000000088,6.547999999999934,6.548000000000088,6.547999999999934
-33.489344688890405,-40.57277442537963,6.547999999999966,6.548000000000046,6.547999999999966,6.548000000000046
-32.807346328827975,-41.30412812699887,6.547999999999966,6.548000000000046,6.547999999999966,6.548000000000046
-32.807346328827975,-41.30412812699887,6.5479999999999405,6.548000000000094,6.5479999999999405,6.548000000000094
-32.11268795836904,-42.02346792733759,6.5479999999999405,6.548000000000094,6.5479999999999405,6.548000000000094
-32.11268795836904,-42.02346792733759,6.548000000000071,6.548000000000071,6.548000000000071,6.548000000000071
-31.40558117718255,-42.73057470852421,6.548000000000071,6.548000000000071,6.548000000000071,6.548000000000071
-30.698474395996065,-43.437681489710826,6.548000000000071,6.548000000000071,6.548000000000071,6.548000000000071
-30.698474395996065,-43.437681489710826,6.5479999999999325,6.548000000000085,6.5479999999999325,6.548000000000085
-29.979134595657474,-44.13233986016989,6.5479999999999325,6.548000000000085,6.5479999999999325,6.548000000000085
-29.259794795318882,-44.82699823062896,6.5479999999999325,6.548000000000085,6.5479999999999325,6.548000000000085
-29.259794795318882,-44.82699823062896,6.548000000000025,6.548000000000103,6.548000000000025,6.548000000000103
-28.528441093699772,-45.50899659069153,6.548000000000025,6.548000000000103,6.548000000000025,6.548000000000103
-28.528441093699772,-45.50899659069153,6.547999999999982,6.548000000000055,6.547999999999982,6.548000000000055
-28.528441093699772,-45.50899659069153,6.54800000000004,6.54800000000004,6.54800000000004,6.54800000000004
-28.528441093699772,-45.50899659069153,6.548000000000063,6.5479999999999805,6.548000000000063,6.5479999999999805
-28.528441093699772,-45.50899659069153,6.5480000000000835,6.547999999999999,6.5480000000000835,6.547999999999999
-28.528441093699772,-45.50899659069153,6.54799999999999,6.54799999999999,6.54799999999999,6.54799999999999
-28.528441093699772,-45.50899659069153,6.547999999999966,6.548000000000119,6.547999999999966,6.548000000000119
